experiment,category,split,n,dice,f1,sens,spec,acc,prec,auc,runtime_s,preproc,enhance,threshold,cleanup
base_clahe,baseline,dev,20,0.7138,0.7138,0.6634,0.9720,0.9315,0.7934,0.8955,2.126,clahe,morph[2;4;6;8]*gate[3;4;5]@0.4,otsu*1.00,line9,a6,close2,area40,dil0
pre_green,preproc,dev,20,0.5840,0.5840,0.4385,0.9936,0.9218,0.9232,0.9137,1.032,green,morph[2;4;6;8]*gate[3;4;5]@0.4,otsu*1.00,line9,a6,close2,area40,dil0
pre_clahe_denoise,preproc,dev,20,0.6921,0.6921,0.5940,0.9825,0.9320,0.8509,0.9264,1.060,clahe_denoise,morph[2;4;6;8]*gate[3;4;5]@0.4,otsu*1.00,line9,a6,close2,area40,dil0
pre_clahe_norm,preproc,dev,20,0.7138,0.7138,0.6634,0.9720,0.9315,0.7934,0.8955,1.081,clahe_norm,morph[2;4;6;8]*gate[3;4;5]@0.4,otsu*1.00,line9,a6,close2,area40,dil0
bh_only_k2468,enhance,dev,20,0.6716,0.6716,0.7615,0.9226,0.9006,0.6294,0.9013,2.109,clahe,morph[2;4;6;8],otsu*1.00,line9,a6,close2,area40,dil0
bh_only_k1_12,enhance,dev,20,0.6301,0.6301,0.7854,0.8887,0.8741,0.5520,0.9006,2.109,clahe,morph[1;2;3;4;6;8;12],otsu*1.00,line9,a6,close2,area40,dil0
bh_only_k3456810,enhance,dev,20,0.6479,0.6479,0.7768,0.9025,0.8851,0.5836,0.9014,2.109,clahe,morph[3;4;5;6;8;10],otsu*1.00,line9,a6,close2,area40,dil0
bhgate_w06,enhance,dev,20,0.7094,0.7094,0.6278,0.9800,0.9340,0.8321,0.8884,2.115,clahe,morph[2;4;6;8]*gate[3;4;5]@0.6,otsu*1.00,line9,a6,close2,area40,dil0
bhgate_w08,enhance,dev,20,0.7026,0.7026,0.6045,0.9839,0.9345,0.8534,0.8782,2.118,clahe,morph[2;4;6;8]*gate[3;4;5]@0.8,otsu*1.00,line9,a6,close2,area40,dil0
bhgate_gate2468,enhance,dev,20,0.7141,0.7141,0.7007,0.9616,0.9272,0.7510,0.8987,2.119,clahe,morph[2;4;6;8]*gate[2;4;6;8]@0.4,otsu*1.00,line9,a6,close2,area40,dil0
bhgate_gate34567,enhance,dev,20,0.7145,0.7145,0.6907,0.9645,0.9284,0.7630,0.8974,2.116,clahe,morph[2;4;6;8]*gate[3;4;5;6;7]@0.4,otsu*1.00,line9,a6,close2,area40,dil0
fiber_prim_345,response,dev,20,0.6590,0.6590,0.7476,0.9247,0.9014,0.5960,0.8122,2.109,clahe,fiber[3;4;5],otsu*1.00,line9,a6,close2,area40,dil0
fiber_prim_123456,response,dev,20,0.5972,0.5972,0.7965,0.8735,0.8631,0.4830,0.8214,2.109,clahe,fiber[1;2;3;4;5;6],otsu*1.00,line9,a6,close2,area40,dil0
fiber_prim_4579,response,dev,20,0.4640,0.4640,0.8688,0.7262,0.7439,0.3193,0.8431,2.109,clahe,fiber[4;5;7;9],otsu*1.00,line9,a6,close2,area40,dil0
mf_sig15,response,dev,20,0.5498,0.5498,0.4107,0.9894,0.9150,0.8727,0.9142,2.108,clahe,mf_sig1.5,otsu*1.00,line9,a6,close2,area40,dil0
mf_sig10,response,dev,20,0.5507,0.5507,0.4009,0.9936,0.9175,0.9136,0.9149,2.107,clahe,mf_sig1,otsu*1.00,line9,a6,close2,area40,dil0
mf_sig20,response,dev,20,0.5158,0.5158,0.3860,0.9857,0.9086,0.8278,0.8963,2.106,clahe,mf_sig2,otsu*1.00,line9,a6,close2,area40,dil0
line_L9,response,dev,20,0.6877,0.6877,0.6148,0.9741,0.9275,0.8052,0.9175,2.107,clahe,line_L9,otsu*1.00,line9,a6,close2,area40,dil0
line_L13,response,dev,20,0.6731,0.6731,0.6326,0.9625,0.9197,0.7440,0.9107,2.106,clahe,line_L13,otsu*1.00,line9,a6,close2,area40,dil0
mix_morph_mf,ensemble,dev,20,0.7159,0.7159,0.6726,0.9694,0.9304,0.7928,0.9173,2.136,clahe,mixW[1;0;0.5;0],otsu*1.00,line9,a6,close2,area40,dil0
mix_morph_mf_line,ensemble,dev,20,0.7142,0.7142,0.6488,0.9750,0.9324,0.8188,0.9261,2.131,clahe,mixW[1;0;0.5;0.5],otsu*1.00,line9,a6,close2,area40,dil0
mix_all,ensemble,dev,20,0.7175,0.7175,0.7461,0.9513,0.9244,0.7023,0.8926,2.134,clahe,mixW[1;0.4;0.3;0.3],otsu*1.00,line9,a6,close2,area40,dil0
mix_all_nogate,ensemble,dev,20,0.6980,0.6980,0.7851,0.9317,0.9122,0.6398,0.8987,2.132,clahe,mixW[1;0.4;0.3;0.3],otsu*1.00,line9,a6,close2,area40,dil0
mix_mf_fiber,ensemble,dev,20,0.6853,0.6853,0.7589,0.9337,0.9107,0.6333,0.8718,2.134,clahe,mixW[0;0.5;0.5;0],otsu*1.00,line9,a6,close2,area40,dil0
otsu_095,thresh,dev,20,0.7150,0.7150,0.6834,0.9668,0.9296,0.7714,0.8955,2.117,clahe,morph[2;4;6;8]*gate[3;4;5]@0.4,otsu*0.95,line9,a6,close2,area40,dil0
otsu_105,thresh,dev,20,0.7096,0.7096,0.6431,0.9759,0.9323,0.8121,0.8955,2.115,clahe,morph[2;4;6;8]*gate[3;4;5]@0.4,otsu*1.05,line9,a6,close2,area40,dil0
otsu_110,thresh,dev,20,0.7027,0.7027,0.6217,0.9793,0.9325,0.8284,0.8955,2.116,clahe,morph[2;4;6;8]*gate[3;4;5]@0.4,otsu*1.10,line9,a6,close2,area40,dil0
perc_10,thresh,dev,20,0.6696,0.6696,0.5421,0.9898,0.9318,0.8836,0.8955,2.124,clahe,morph[2;4;6;8]*gate[3;4;5]@0.4,perc10%,line9,a6,close2,area40,dil0
perc_12,thresh,dev,20,0.7005,0.7005,0.5967,0.9853,0.9350,0.8552,0.8955,2.121,clahe,morph[2;4;6;8]*gate[3;4;5]@0.4,perc12%,line9,a6,close2,area40,dil0
perc_15,thresh,dev,20,0.7208,0.7208,0.6536,0.9774,0.9354,0.8115,0.8955,2.125,clahe,morph[2;4;6;8]*gate[3;4;5]@0.4,perc15%,line9,a6,close2,area40,dil0
hys_100_50,thresh,dev,20,0.5053,0.5053,0.8889,0.7399,0.7576,0.3661,0.8955,2.124,clahe,morph[2;4;6;8]*gate[3;4;5]@0.4,hys(1/0.5),line9,a6,close2,area40,dil0
hys_105_60,thresh,dev,20,0.6020,0.6020,0.8410,0.8491,0.8468,0.4893,0.8955,2.121,clahe,morph[2;4;6;8]*gate[3;4;5]@0.4,hys(1.05/0.6),line9,a6,close2,area40,dil0
hys_110_70,thresh,dev,20,0.6672,0.6672,0.7931,0.9099,0.8938,0.5990,0.8955,2.123,clahe,morph[2;4;6;8]*gate[3;4;5]@0.4,hys(1.1/0.7),line9,a6,close2,area40,dil0
hys_095_45,thresh,dev,20,0.4471,0.4471,0.9117,0.6581,0.6891,0.3050,0.8955,2.122,clahe,morph[2;4;6;8]*gate[3;4;5]@0.4,hys(0.95/0.45),line9,a6,close2,area40,dil0
adapt_45,thresh,dev,20,0.6297,0.6297,0.8216,0.8839,0.8754,0.5170,0.8955,2.125,clahe,morph[2;4;6;8]*gate[3;4;5]@0.4,adapt0.45,line9,a6,close2,area40,dil0
adapt_55,thresh,dev,20,0.5737,0.5737,0.8511,0.8359,0.8373,0.4376,0.8955,2.122,clahe,morph[2;4;6;8]*gate[3;4;5]@0.4,adapt0.55,line9,a6,close2,area40,dil0
lineLen7,cleanup,dev,20,0.7089,0.7089,0.6748,0.9669,0.9284,0.7693,0.8955,2.117,clahe,morph[2;4;6;8]*gate[3;4;5]@0.4,otsu*1.00,line7,a6,close2,area40,dil0
lineLen5,cleanup,dev,20,0.6966,0.6966,0.7125,0.9505,0.9189,0.7068,0.8955,2.118,clahe,morph[2;4;6;8]*gate[3;4;5]@0.4,otsu*1.00,line5,a6,close2,area40,dil0
lineLen11,cleanup,dev,20,0.7067,0.7067,0.6302,0.9784,0.9329,0.8244,0.8955,2.117,clahe,morph[2;4;6;8]*gate[3;4;5]@0.4,otsu*1.00,line11,a6,close2,area40,dil0
closeDisk1,cleanup,dev,20,0.7147,0.7147,0.6460,0.9772,0.9338,0.8197,0.8955,2.117,clahe,morph[2;4;6;8]*gate[3;4;5]@0.4,otsu*1.00,line9,a6,close1,area40,dil0
minArea20,cleanup,dev,20,0.7153,0.7153,0.6699,0.9708,0.9312,0.7881,0.8955,2.117,clahe,morph[2;4;6;8]*gate[3;4;5]@0.4,otsu*1.00,line9,a6,close2,area20,dil0
minArea60,cleanup,dev,20,0.7123,0.7123,0.6589,0.9726,0.9315,0.7961,0.8955,2.117,clahe,morph[2;4;6;8]*gate[3;4;5]@0.4,otsu*1.00,line9,a6,close2,area60,dil0
angles15,cleanup,dev,20,0.7189,0.7189,0.6874,0.9675,0.9306,0.7742,0.8955,2.121,clahe,morph[2;4;6;8]*gate[3;4;5]@0.4,otsu*1.00,line9,a12,close2,area40,dil0
postDilate1,cleanup,dev,20,0.7049,0.7049,0.7879,0.9344,0.9147,0.6511,0.8955,2.116,clahe,morph[2;4;6;8]*gate[3;4;5]@0.4,otsu*1.00,line9,a6,close2,area40,dil1
noLineOpen,cleanup,dev,20,0.6277,0.6277,0.7532,0.8965,0.8769,0.5718,0.8955,2.114,clahe,morph[2;4;6;8]*gate[3;4;5]@0.4,otsu*1.00,line0,a6,close2,area40,dil0
R2_otsu_0.90,round2,dev,20,0.7139,0.7139,0.7039,0.9606,0.9267,0.7461,0.8955,2.125,clahe,morph[2;4;6;8]*gate[3;4;5]@0.4,otsu*0.90,line9,a6,close2,area40,dil0
R2_otsu_0.95,round2,dev,20,0.7150,0.7150,0.6834,0.9668,0.9296,0.7714,0.8955,2.125,clahe,morph[2;4;6;8]*gate[3;4;5]@0.4,otsu*0.95,line9,a6,close2,area40,dil0
R2_otsu_1.00,round2,dev,20,0.7138,0.7138,0.6634,0.9720,0.9315,0.7934,0.8955,2.125,clahe,morph[2;4;6;8]*gate[3;4;5]@0.4,otsu*1.00,line9,a6,close2,area40,dil0
R2_otsu_1.05,round2,dev,20,0.7096,0.7096,0.6431,0.9759,0.9323,0.8121,0.8955,2.125,clahe,morph[2;4;6;8]*gate[3;4;5]@0.4,otsu*1.05,line9,a6,close2,area40,dil0
R2_otsu_1.10,round2,dev,20,0.7027,0.7027,0.6217,0.9793,0.9325,0.8284,0.8955,2.125,clahe,morph[2;4;6;8]*gate[3;4;5]@0.4,otsu*1.10,line9,a6,close2,area40,dil0
R2_perc_0.09,round2,dev,20,0.6456,0.6456,0.5069,0.9918,0.9290,0.8980,0.8955,2.125,clahe,morph[2;4;6;8]*gate[3;4;5]@0.4,perc9%,line9,a6,close2,area40,dil0
R2_perc_0.10,round2,dev,20,0.6696,0.6696,0.5421,0.9898,0.9318,0.8836,0.8955,2.125,clahe,morph[2;4;6;8]*gate[3;4;5]@0.4,perc10%,line9,a6,close2,area40,dil0
R2_perc_0.11,round2,dev,20,0.6881,0.6881,0.5726,0.9876,0.9338,0.8694,0.8955,2.125,clahe,morph[2;4;6;8]*gate[3;4;5]@0.4,perc11%,line9,a6,close2,area40,dil0
R2_perc_0.12,round2,dev,20,0.7005,0.7005,0.5967,0.9853,0.9350,0.8552,0.8955,2.125,clahe,morph[2;4;6;8]*gate[3;4;5]@0.4,perc12%,line9,a6,close2,area40,dil0
R2_perc_0.13,round2,dev,20,0.7094,0.7094,0.6180,0.9827,0.9354,0.8399,0.8955,2.125,clahe,morph[2;4;6;8]*gate[3;4;5]@0.4,perc13%,line9,a6,close2,area40,dil0
R2_perc_0.14,round2,dev,20,0.7162,0.7162,0.6368,0.9802,0.9357,0.8260,0.8955,2.125,clahe,morph[2;4;6;8]*gate[3;4;5]@0.4,perc14%,line9,a6,close2,area40,dil0
R2_hys_1_0.5,round2,dev,20,0.5053,0.5053,0.8889,0.7399,0.7576,0.3661,0.8955,2.125,clahe,morph[2;4;6;8]*gate[3;4;5]@0.4,hys(1/0.5),line9,a6,close2,area40,dil0
R2_hys_1.05_0.6,round2,dev,20,0.6020,0.6020,0.8410,0.8491,0.8468,0.4893,0.8955,2.125,clahe,morph[2;4;6;8]*gate[3;4;5]@0.4,hys(1.05/0.6),line9,a6,close2,area40,dil0
R2_hys_1.1_0.65,round2,dev,20,0.6399,0.6399,0.8165,0.8848,0.8749,0.5489,0.8955,2.125,clahe,morph[2;4;6;8]*gate[3;4;5]@0.4,hys(1.1/0.65),line9,a6,close2,area40,dil0
R2_hys_1_0.6,round2,dev,20,0.6018,0.6018,0.8411,0.8490,0.8467,0.4889,0.8955,2.125,clahe,morph[2;4;6;8]*gate[3;4;5]@0.4,hys(1/0.6),line9,a6,close2,area40,dil0
R2_hys_1.05_0.55,round2,dev,20,0.5575,0.5575,0.8652,0.8016,0.8085,0.4288,0.8955,2.125,clahe,morph[2;4;6;8]*gate[3;4;5]@0.4,hys(1.05/0.55),line9,a6,close2,area40,dil0
R2_hys_0.95_0.5,round2,dev,20,0.5049,0.5049,0.8890,0.7396,0.7573,0.3657,0.8955,2.125,clahe,morph[2;4;6;8]*gate[3;4;5]@0.4,hys(0.95/0.5),line9,a6,close2,area40,dil0
R2_lineLen5,round2,dev,20,0.7135,0.7135,0.7031,0.9617,0.9280,0.7318,0.8955,2.125,clahe,morph[2;4;6;8]*gate[3;4;5]@0.4,perc15%,line5,a6,close2,area40,dil0
R2_lineLen7,round2,dev,20,0.7186,0.7186,0.6652,0.9736,0.9335,0.7896,0.8955,2.125,clahe,morph[2;4;6;8]*gate[3;4;5]@0.4,perc15%,line7,a6,close2,area40,dil0
R2_lineLen9,round2,dev,20,0.7208,0.7208,0.6536,0.9774,0.9354,0.8115,0.8955,2.125,clahe,morph[2;4;6;8]*gate[3;4;5]@0.4,perc15%,line9,a6,close2,area40,dil0
R2_lineLen11,round2,dev,20,0.7105,0.7105,0.6198,0.9826,0.9356,0.8404,0.8955,2.125,clahe,morph[2;4;6;8]*gate[3;4;5]@0.4,perc15%,line11,a6,close2,area40,dil0
R2_minArea20,round2,dev,20,0.7229,0.7229,0.6606,0.9764,0.9354,0.8061,0.8955,2.125,clahe,morph[2;4;6;8]*gate[3;4;5]@0.4,perc15%,line9,a6,close2,area20,dil0
R2_minArea40,round2,dev,20,0.7208,0.7208,0.6536,0.9774,0.9354,0.8115,0.8955,2.125,clahe,morph[2;4;6;8]*gate[3;4;5]@0.4,perc15%,line9,a6,close2,area40,dil0
R2_minArea60,round2,dev,20,0.7188,0.7188,0.6485,0.9780,0.9353,0.8141,0.8955,2.125,clahe,morph[2;4;6;8]*gate[3;4;5]@0.4,perc15%,line9,a6,close2,area60,dil0
R2_dilate1,round2,dev,20,0.7152,0.7152,0.7799,0.9421,0.9209,0.6664,0.8955,2.125,clahe,morph[2;4;6;8]*gate[3;4;5]@0.4,perc15%,line9,a6,close2,area40,dil1
R2_angles15,round2,dev,20,0.7276,0.7276,0.6779,0.9737,0.9353,0.7931,0.8955,2.125,clahe,morph[2;4;6;8]*gate[3;4;5]@0.4,perc15%,line9,a12,close2,area40,dil0
R2_close1,round2,dev,20,0.7197,0.7197,0.6363,0.9816,0.9369,0.8363,0.8955,2.125,clahe,morph[2;4;6;8]*gate[3;4;5]@0.4,perc15%,line9,a6,close1,area40,dil0
TEST_LOCKED_baseline,baseline,test,20,0.7428,0.7428,0.6829,0.9777,0.9390,0.8249,0.9029,2.126,clahe,morph[2;4;6;8]*gate[3;4;5]@0.4,otsu*1.00,line9,a6,close2,area40,dil0
TEST_LOCKED_champion,champion,test,20,0.7535,0.7535,0.6947,0.9784,0.9413,0.8272,0.9029,2.125,clahe,morph[2;4;6;8]*gate[3;4;5]@0.4,perc15%,line9,a12,close2,area40,dil0
