case_id,role,image_relpath,timestamp,quality_status,quality_score,quality_reason,failure_categories,brightness,contrast,focus_score,foreground_frac,illumination,mask_valid,focus_status,brightness_status,contrast_status,foreground_status,illumination_status,mask_valid_status,primary_metric,primary_value,primary_bound,primary_threshold,primary_message,inference_executed,engine,grade,grade_label,confidence,referable_probability,binary_decision,referral_decision,cascade_route,gradcam_available,runtime_sec,note
case_pass_referable,pass_referable,class_2\77f69c7ff324.png,2026-09-21 19:48:54,PASS,1,"",,0.275316444236517,0.0975675762979015,0.00024403752000328,0.867659015523837,1.17124723837412,1,PASS,PASS,PASS,PASS,PASS,PASS,,NaN,,NaN,"",1,predictSingleFundus (SkipModelOnFail=true),4,Proliferative,0.9844877,1,REFERABLE,REFERABLE,CLEAR,1,13.4102079,"quality PASS (score 1.00); grade 4 (Proliferative)"
case_pass_nodr,pass_nodr,class_0\a7673ac44509.png,2026-09-21 19:49:07,PASS,1,"",,0.224257310447058,0.0834077473130092,0.00023719802373761,0.621467944295428,1.01044096460753,1,PASS,PASS,PASS,PASS,PASS,PASS,,NaN,,NaN,"",1,predictSingleFundus (SkipModelOnFail=true),0,No DR,0.9999995,5.317874e-08,NON-REFERABLE,NON-REFERABLE,REVIEW,1,6.376774,"quality PASS (score 1.00); grade 0 (No DR)"
case_warning,warning,class_0\cffc50047828.png,2026-09-21 19:49:14,WARNING,0.8,"Image has unusual sharpness. May contain noise or artifacts. | Uneven illumination (edges brighter than center).",,0.433931350271389,0.0877334731640745,0.00156661717390854,0.47520214132592,0.811888120083049,1,WARNING,PASS,PASS,PASS,WARNING,PASS,illumination,0.811888120083049,lowerWarn,0.92,"Uneven illumination (edges brighter than center).",1,predictSingleFundus (SkipModelOnFail=true),0,No DR,1,6.207921e-20,NON-REFERABLE,NON-REFERABLE,CLEAR,1,1.3614151,"quality WARNING (score 0.80); grade 0 (No DR)"
case_fail_blur,fail_blur,class_1\cae51154e1ce.png,2026-09-21 19:49:15,FAIL,0.25,"Image is too dark. Consider retaking with better illumination. | Image has very low contrast. Lesions may be hard to detect. | Image appears blurry. Please retake with steady camera.",Blur|Low Contrast|Underexposure,0.173880932273047,0.0208030720168701,9.69488461572011e-05,0.54908823311173,1.01572908720905,1,FAIL,FAIL,FAIL,PASS,PASS,PASS,focus,9.69488461572011e-05,lowerFail,0.000142,"Image appears blurry. Please retake with steady camera.",0,quality-gate-skip (predictSingleFundus NOT called),NaN,NOT ASSESSED (quality FAIL),NaN,NaN,WITHHELD (quality FAIL - not assessed),WITHHELD,REVIEW,0,NaN,"AI grading skipped. Reason: Image is too dark. Consider retaking with better illumination. | Image has very low contrast. Lesions may be hard to detect. | Image appears blurry. Please retake with steady camera."
case_fail_dark,fail_dark,class_0\d91635f380b4.png,2026-09-21 19:49:15,FAIL,0.25,"Image is too dark. Consider retaking with better illumination. | Image has very low contrast. Lesions may be hard to detect. | Image appears blurry. Please retake with steady camera. | Insufficient retinal area visible. Adjust camera position.",Low Contrast|Other|Underexposure,0.163496031202444,0.0135683453853833,0.000201581504740106,0.137190818786621,0.969010109098961,1,WARNING,FAIL,FAIL,FAIL,PASS,PASS,brightness,0.163496031202444,lowerFail,0.1901,"Image is too dark. Consider retaking with better illumination.",0,quality-gate-skip (predictSingleFundus NOT called),NaN,NOT ASSESSED (quality FAIL),NaN,NaN,WITHHELD (quality FAIL - not assessed),WITHHELD,REVIEW,0,NaN,"AI grading skipped. Reason: Image is too dark. Consider retaking with better illumination. | Image has very low contrast. Lesions may be hard to detect. | Image appears blurry. Please retake with steady camera. | Insufficient retinal area visible. Adjust camera position."
case_fail_bright,fail_bright,class_2\4ed31cc07366.png,2026-09-21 19:49:16,FAIL,0.6,"Image is overexposed. Consider retaking with reduced flash. | Image has unusual sharpness. May contain noise or artifacts.",Overexposure,0.552356751089663,0.0564301385742042,0.00172050589696879,0.744614357985354,1.10516386385575,1,WARNING,FAIL,PASS,PASS,PASS,PASS,brightness,0.552356751089663,upperFail,0.5154,"Image is overexposed. Consider retaking with reduced flash.",0,quality-gate-skip (predictSingleFundus NOT called),NaN,NOT ASSESSED (quality FAIL),NaN,NaN,WITHHELD (quality FAIL - not assessed),WITHHELD,REVIEW,0,NaN,"AI grading skipped. Reason: Image is overexposed. Consider retaking with reduced flash. | Image has unusual sharpness. May contain noise or artifacts."
case_fail_illumination,fail_illumination,class_3\913490237ad4.png,2026-09-21 19:49:16,FAIL,0.625,"Image has unusually high contrast. May indicate artifacts. | Unusually large foreground. May include non-retinal tissue. | Uneven illumination (center brighter than edges, vignetting).",Low Contrast|Uneven Illumination,0.343034500025788,0.13968760044607,0.00116210334132649,0.896039195595922,1.48215674547524,1,PASS,PASS,FAIL,WARNING,FAIL,PASS,illumination,1.48215674547524,upperFail,1.3541,"Uneven illumination (center brighter than edges, vignetting).",0,quality-gate-skip (predictSingleFundus NOT called),NaN,NOT ASSESSED (quality FAIL),NaN,NaN,WITHHELD (quality FAIL - not assessed),WITHHELD,REVIEW,0,NaN,"AI grading skipped. Reason: Image has unusually high contrast. May indicate artifacts. | Unusually large foreground. May include non-retinal tissue. | Uneven illumination (center brighter than edges, vignetting)."
case_fail_fov,fail_fov,class_0\ccd6dcb2f568.png,2026-09-21 19:49:16,FAIL,0.675,"Image is too dark. Consider retaking with better illumination. | Insufficient retinal area visible. Adjust camera position. | Uneven illumination (center brighter than edges, vignetting).",Other,0.207537239113671,0.0856988164481798,0.000297232611388252,0.123176574707031,1.27142229380267,1,PASS,WARNING,PASS,FAIL,WARNING,PASS,foreground,0.123176574707031,lowerFail,0.2651,"Insufficient retinal area visible. Adjust camera position.",0,quality-gate-skip (predictSingleFundus NOT called),NaN,NOT ASSESSED (quality FAIL),NaN,NaN,WITHHELD (quality FAIL - not assessed),WITHHELD,REVIEW,0,NaN,"AI grading skipped. Reason: Image is too dark. Consider retaking with better illumination. | Insufficient retinal area visible. Adjust camera position. | Uneven illumination (center brighter than edges, vignetting)."
case_fail_contrast,fail_contrast,class_2\e65a2ff90494.png,2026-09-21 19:49:16,FAIL,0.8,"Image has very low contrast. Lesions may be hard to detect.",Low Contrast,0.221587520540649,0.022518365977303,0.000534324373238611,0.830477786339915,0.9965666883166,1,PASS,PASS,FAIL,PASS,PASS,PASS,contrast,0.022518365977303,lowerFail,0.0315,"Image has very low contrast. Lesions may be hard to detect.",0,quality-gate-skip (predictSingleFundus NOT called),NaN,NOT ASSESSED (quality FAIL),NaN,NaN,WITHHELD (quality FAIL - not assessed),WITHHELD,REVIEW,0,NaN,"AI grading skipped. Reason: Image has very low contrast. Lesions may be hard to detect."
