image_id,split,image_path,status,lesion_types,predicted_grade,predicted_class_index,confidence,proxy_gt_referable,model_referable,proxy_prediction_correct,saliency_mass_in_lesion,pointing_game_hit,iou,iou_mass_top20,dice_mass_top20,num_lesion_pixels,num_attention_pixels,mask_area_frac,saliency_mass_on_retina,attention_on_retina_frac,ma_saliency_mass,ma_pointing_hit,ma_iou,ma_num_mask_px,he_saliency_mass,he_pointing_hit,he_iou,he_num_mask_px,ex_saliency_mass,ex_pointing_hit,ex_iou,ex_num_mask_px,se_saliency_mass,se_pointing_hit,se_iou,se_num_mask_px,skip_or_error_reason
IDRiD_01,train,C:\projects\DrishtiCare\data\idrid\A. Segmentation\1. Original Images\a. Training Set\IDRiD_01.jpg,scored,MA+HE+EX,Moderate,3,0.9960111,1,1,1,0.0141766040605387,0,0.0155952833777102,0.00398704211313232,0.00794241747331844,644,10036,0.0128348214285714,0.72638987893627,0.837485053806297,0.000752004815247385,0,0.00109420073609868,28,0.00150057388400192,0,0,144,0.0119240253612894,0,0.0147754707870594,472,NaN,NaN,NaN,0,
IDRiD_02,train,C:\projects\DrishtiCare\data\idrid\A. Segmentation\1. Original Images\a. Training Set\IDRiD_02.jpg,scored,MA+HE+EX,Moderate,3,0.8909481,1,1,1,0.0189217266583802,1,0.0129032258064516,0.0425164189422745,0.0815649867374005,640,10036,0.0127551020408163,0.887645176763946,1,0.00101594367680688,0,0.000894632206759443,33,0.00215813377982984,0,0.00198333994446648,68,0.0157476492017435,1,0.0102216278181123,539,NaN,NaN,NaN,0,
IDRiD_03,train,C:\projects\DrishtiCare\data\idrid\A. Segmentation\1. Original Images\a. Training Set\IDRiD_03.jpg,scored,MA+HE+EX+SE,Moderate,3,0.9833282,1,1,1,0.0695914271945334,0,0.103080459770115,0.0938390703793028,0.171577470434957,1960,10036,0.0390625,0.830284350856099,1,0.001454137453056,0,0.0019872813990461,48,0.0130307507220914,0,0.0172938046370201,670,0.0550448419333425,0,0.0888180148835411,1230,6.1697086043524e-05,0,0,12,
IDRiD_04,train,C:\projects\DrishtiCare\data\idrid\A. Segmentation\1. Original Images\a. Training Set\IDRiD_04.jpg,scored,MA+HE+EX,Mild,2,0.7660536,1,0,0,0.0056924891825675,0,0.00116527481064284,0.00112517580872011,0.00224782242202866,274,10036,0.00546077806122449,0.722736151740201,0.861100039856517,5.56568440001252e-05,0,0,3,0.00483829628726371,0,0,247,0.000798536051303665,0,0.00119426751592357,24,NaN,NaN,NaN,0,
IDRiD_05,train,C:\projects\DrishtiCare\data\idrid\A. Segmentation\1. Original Images\a. Training Set\IDRiD_05.jpg,scored,MA+HE+EX,Moderate,3,0.8282517,1,1,1,0.00215571211601153,0,0.00138476755687438,0,0,88,10036,0.00175382653061224,0.636658124836062,0.575229174970108,0.000364479954473217,0,0.000398168425243878,14,0.0010372080551521,0,0.000993838203140529,36,0.000754024106386213,0,0,38,NaN,NaN,NaN,0,
IDRiD_06,train,C:\projects\DrishtiCare\data\idrid\A. Segmentation\1. Original Images\a. Training Set\IDRiD_06.jpg,scored,MA+HE+EX,Moderate,3,0.4916914,1,1,1,0.0235294938348652,0,0.0290227048371175,0.051792828685259,0.0984848484848485,388,10036,0.0077327806122449,0.836870732844863,0.892785970506178,0.00188468468385218,0,0.00198866461171323,41,0.00347529753404453,0,0.00435859336305102,103,0.0181695116169685,0,0.0228855721393035,244,NaN,NaN,NaN,0,
IDRiD_07,train,C:\projects\DrishtiCare\data\idrid\A. Segmentation\1. Original Images\a. Training Set\IDRiD_07.jpg,scored,MA+HE+EX,Moderate,3,0.946368,1,1,1,0.0236845970543404,0,0.0172510257366654,0.00358917725013805,0.00715268225584594,873,10036,0.017398756377551,0.895921605077612,1,0.0015585811586574,0,0.00168818272095333,51,0.00245942448034041,0,0.00246426811237063,134,0.0196665914153426,0,0.0135147906625083,688,NaN,NaN,NaN,0,
IDRiD_08,train,C:\projects\DrishtiCare\data\idrid\A. Segmentation\1. Original Images\a. Training Set\IDRiD_08.jpg,scored,MA+HE+EX+SE,Moderate,3,0.7041292,1,1,1,0.0070768200642032,0,0.00201554851713216,0.00311873468478503,0.00621807683766378,404,10036,0.00805165816326531,0.67617780609234,0.70964527700279,0.000375609701859387,0,9.94925878022087e-05,16,0.00314378711967679,0,0.00108108108108108,150,0.000775640110912882,0,0.00089003164556962,85,0.00278178313175414,0,0,153,
IDRiD_09,train,C:\projects\DrishtiCare\data\idrid\A. Segmentation\1. Original Images\a. Training Set\IDRiD_09.jpg,scored,MA+HE+EX,Moderate,3,0.978517,1,1,1,0.0220426872709466,0,0.00146969827958848,0.000349283967865875,0.000698324022346369,1548,10036,0.0308514030612245,0.646069218540298,0.575727381426863,0.00226137849591763,0,0.00118005703609008,145,0.00354068320344036,0,0,354,0.0162406255715887,0,0.000451263537906137,1049,NaN,NaN,NaN,0,
IDRiD_10,train,C:\projects\DrishtiCare\data\idrid\A. Segmentation\1. Original Images\a. Training Set\IDRiD_10.jpg,scored,MA+HE+EX,Severe,4,0.5626409,1,1,1,0.165899048605615,0,0.208841995116847,0.103598122718582,0.187746101748307,3827,10036,0.0762715242346939,0.875612146495447,1,0.00329613446308417,0,0.00354959574048511,142,0.00852091523182912,0,0.00949980612640558,378,0.154081998910702,0,0.204024544306082,3307,NaN,NaN,NaN,0,
IDRiD_11,train,C:\projects\DrishtiCare\data\idrid\A. Segmentation\1. Original Images\a. Training Set\IDRiD_11.jpg,scored,MA+HE+EX,Moderate,3,0.9514587,1,1,1,0.0196588034341506,0,0.0143082865168539,0.00299746368457459,0.00597701149425287,1519,10036,0.0302734375,0.744203511689341,0.839278597050618,0.00182272022869308,0,0.00178129638792677,87,0.00159915632559298,0,9.74279033515199e-05,229,0.0162369268798645,0,0.0129788192879676,1203,NaN,NaN,NaN,0,
IDRiD_12,train,C:\projects\DrishtiCare\data\idrid\A. Segmentation\1. Original Images\a. Training Set\IDRiD_12.jpg,scored,MA+HE+EX,Mild,2,0.9495044,1,0,0,0.0019177743275584,0,0.00137632717263075,0.00400436840189297,0.00797679477882524,150,10036,0.00298947704081633,0.874717875958284,0.997210043842168,0.000477032681609457,0,0.000597312095569935,15,0.00102260022860631,0,0.000690539607378909,108,0.000418141417342632,0,9.93838203140529e-05,27,NaN,NaN,NaN,0,
IDRiD_13,train,C:\projects\DrishtiCare\data\idrid\A. Segmentation\1. Original Images\a. Training Set\IDRiD_13.jpg,scored,MA+HE+EX+SE,Moderate,3,0.9962536,1,1,1,0.0503626878560756,0,0.0866238428112601,0.0967261904761905,0.176390773405699,1467,10036,0.0292370854591837,0.733232832028778,0.841570346751694,0.0037225520913258,0,0.00494071146245059,134,0.00263684596508123,0,0.00334579807124582,160,0.0384167901166864,0,0.0745152081897825,880,0.00558649968298226,0,0.00741246464449429,293,
IDRiD_14,train,C:\projects\DrishtiCare\data\idrid\A. Segmentation\1. Original Images\a. Training Set\IDRiD_14.jpg,scored,MA+HE+EX+SE,Moderate,3,0.9925458,1,1,1,0.0411855275815881,0,0.0626195028680688,0.0770963704630789,0.143155937717871,1079,10036,0.0215043048469388,0.764963206381685,0.875348744519729,0.00268700602688768,0,0.00306566455696203,107,0.00504315824219384,0,0.00292369164798753,255,0.0312459035212381,0,0.0540407520425239,672,0.00220945979126856,0,0.00448385811080112,45,
IDRiD_15,train,C:\projects\DrishtiCare\data\idrid\A. Segmentation\1. Original Images\a. Training Set\IDRiD_15.jpg,scored,MA+HE+EX,Mild,2,0.9049898,1,0,0,0.00084307884062377,0,0,0,0,190,10036,0.00378667091836735,0.902204249779109,0.999402152251893,5.94409487968516e-05,0,0,7,4.87380468356542e-05,0,0,13,0.000734899844991264,0,0,170,NaN,NaN,NaN,0,
IDRiD_16,train,C:\projects\DrishtiCare\data\idrid\A. Segmentation\1. Original Images\a. Training Set\IDRiD_16.jpg,scored,MA+HE+EX,Moderate,3,0.9994797,1,1,1,0.0230283377691584,1,0.0472192037933419,0.070864312267658,0.132349750488175,565,10036,0.0112603635204082,0.669445153994471,0.610900757273814,0.00053154991337039,0,0.000696864111498258,16,0.00368698002588603,0,0.00726946823341964,79,0.018809807829902,1,0.0393747526711516,470,NaN,NaN,NaN,0,
IDRiD_17,train,C:\projects\DrishtiCare\data\idrid\A. Segmentation\1. Original Images\a. Training Set\IDRiD_17.jpg,scored,MA+HE+EX+SE,Proliferative,5,0.9997992,1,1,1,0.313960218348471,1,0.322601324880689,0.0773570472365653,0.143605218780509,8532,10036,0.170041454081633,0.856180398900134,0.973296133917896,0.000795768352397092,0,0.000594648166501487,60,0.295488682300538,1,0.332521500875257,7472,0.0148421293732004,0,0.01071761416589,809,0.00283363832233609,0,0.00382803297997644,191,
IDRiD_18,train,C:\projects\DrishtiCare\data\idrid\A. Segmentation\1. Original Images\a. Training Set\IDRiD_18.jpg,scored,MA+HE+EX+SE,Moderate,3,0.9807611,1,1,1,0.0354348604730431,1,0.0431924882629108,0.0543030303030303,0.103012186709588,1074,10036,0.0214046556122449,0.687828024041299,0.672080510163412,0.00258680360143692,0,0.00326635652776403,100,0.0131129844869713,0,0.0185058259081563,366,0.0183648129715106,1,0.0232512700273544,438,0.00137025941312436,0,0,170,
IDRiD_19,train,C:\projects\DrishtiCare\data\idrid\A. Segmentation\1. Original Images\a. Training Set\IDRiD_19.jpg,scored,MA+HE+EX+SE,Moderate,3,0.99352,1,1,1,0.0211880352323895,0,0.0233778625954198,0.0466997130185234,0.0892323030907278,689,10036,0.0137316645408163,0.708193542090486,0.841371064168992,0.000699788102194875,0,0.00109474522292994,23,0.0090597049202429,0,0.012388162422574,261,0.0033960996191769,0,0.00657108721624851,74,0.00803244259077486,0,0.00406779661016949,331,
IDRiD_20,train,C:\projects\DrishtiCare\data\idrid\A. Segmentation\1. Original Images\a. Training Set\IDRiD_20.jpg,scored,MA+HE+EX,Moderate,3,0.9999976,1,1,1,0.0374583468376207,0,0.0634935744883389,0.0535506402793946,0.101657458563536,1136,10036,0.022640306122449,0.863072156024971,1,0.00317257397015584,0,0.00475624256837099,104,0.00650931376538554,0,0.00959749289981393,273,0.0277764591020793,0,0.0507105314385828,759,NaN,NaN,NaN,0,
IDRiD_21,train,C:\projects\DrishtiCare\data\idrid\A. Segmentation\1. Original Images\a. Training Set\IDRiD_21.jpg,scored,MA+HE+EX,Moderate,3,0.9982845,1,1,1,0.0328712361743953,0,0.0547333147165596,0.0472286579932276,0.0901974132062628,1295,10036,0.0258091517857143,0.724154752467125,0.883818254284575,0.0020227217427397,0,0.00277145402355736,95,0.012855167606911,0,0.0270986745213549,425,0.0179933468247446,0,0.0269782464139831,775,NaN,NaN,NaN,0,
IDRiD_22,train,C:\projects\DrishtiCare\data\idrid\A. Segmentation\1. Original Images\a. Training Set\IDRiD_22.jpg,scored,MA+HE+EX+SE,Moderate,3,0.996062,1,1,1,0.0501178598141302,0,0.0788666305720989,0.0506059613494923,0.0963367108339828,1920,10036,0.038265306122449,0.785985133804869,0.97279792746114,0.000966174464539632,0,0.000694996028594122,43,0.0287873527461404,0,0.0497394599715775,1044,0.00537135023709716,0,0.00336829948994322,390,0.014992982366353,0,0.0301808887141172,443,
IDRiD_23,train,C:\projects\DrishtiCare\data\idrid\A. Segmentation\1. Original Images\a. Training Set\IDRiD_23.jpg,scored,MA+HE+EX+SE,Moderate,3,0.8077438,1,1,1,0.0262644418290956,0,0.037392138063279,0.0192061459667093,0.0376884422110553,784,10036,0.015625,0.849680857414047,0.978278198485452,0.000341878951903783,0,0.000199004975124378,16,0.0163576656710721,0,0.0214028602004086,463,0.00168158199669365,0,0.00218275622581605,65,0.00788331520942606,0,0.0144126357354393,240,
IDRiD_24,train,C:\projects\DrishtiCare\data\idrid\A. Segmentation\1. Original Images\a. Training Set\IDRiD_24.jpg,scored,MA+HE+EX,Moderate,3,0.6969455,1,1,1,0.00440522341195169,0,0.00572782935018764,0.000303030303030303,0.000605877006967586,148,10036,0.00294961734693878,0.801641567847099,0.908628935831008,3.91589428914988e-05,0,0,3,0.00400505753575179,0,0.00534812320491235,115,0.000361006933308397,0,0.000397535281256211,30,NaN,NaN,NaN,0,
IDRiD_25,train,C:\projects\DrishtiCare\data\idrid\A. Segmentation\1. Original Images\a. Training Set\IDRiD_25.jpg,scored,MA+HE+EX+SE,Severe,4,0.9919112,1,1,1,0.150050530053885,0,0.150981830033407,0.106554781507283,0.192588353126341,4090,10036,0.0815130739795918,0.849469317753429,0.999900358708649,0.00298941176147021,0,0.00446118766729454,96,0.0450890518429844,0,0.0581363004172462,1376,0.0998893028648814,0,0.100105097214924,2525,0.0020827635845485,0,0.00376573184025369,93,
IDRiD_26,train,C:\projects\DrishtiCare\data\idrid\A. Segmentation\1. Original Images\a. Training Set\IDRiD_26.jpg,scored,MA+HE+EX,Proliferative,5,0.999569,1,1,1,0.00785316445518787,0,0.00733612804878049,0.000933125972006221,0.00186451211932878,537,10036,0.0107023278061224,0.765685989526668,0.831805500199283,0.00124585843519101,0,0.00118659151587066,89,0.00655367631824563,0,0.00624579609877967,436,5.36297017512379e-05,0,0,12,NaN,NaN,NaN,0,
IDRiD_27,train,C:\projects\DrishtiCare\data\idrid\A. Segmentation\1. Original Images\a. Training Set\IDRiD_27.jpg,scored,MA+HE+EX,Moderate,3,0.4801677,1,1,1,0.0044398875609332,0,0.00234477583942975,0,0,651,10036,0.0129743303571429,0.55485350154524,0.474392188122758,0.00103180903275897,0,0.00049299940840071,111,0.00171680025868344,0,0.00106889515110291,266,0.00169127826949078,0,0.000873701582370644,274,NaN,NaN,NaN,0,
IDRiD_28,train,C:\projects\DrishtiCare\data\idrid\A. Segmentation\1. Original Images\a. Training Set\IDRiD_28.jpg,scored,MA+HE+EX,Moderate,3,0.9948494,1,1,1,0.00563982419004129,0,0.00879707423149155,0.0122428991185113,0.0241896468311563,170,10036,0.00338807397959184,0.73237958225547,0.832702271821443,0.000531663400795347,0,0.000497512437810945,19,0.00467133828547212,0,0.00763056188682985,132,0.000436822503773821,0,0.000696656050955414,19,NaN,NaN,NaN,0,
IDRiD_29,train,C:\projects\DrishtiCare\data\idrid\A. Segmentation\1. Original Images\a. Training Set\IDRiD_29.jpg,scored,MA+HE+EX,Mild,2,0.9119928,1,0,0,0.00106935107105887,0,0.00149060916227765,0.000803535556448373,0.00160578081091931,42,10036,0.000837053571428571,0.916932593867241,1,0.000510931011591139,0,0.000397812033814023,23,7.66308120307039e-05,0,0,8,0.000481789247437025,0,0.00109605420486249,11,NaN,NaN,NaN,0,
IDRiD_30,train,C:\projects\DrishtiCare\data\idrid\A. Segmentation\1. Original Images\a. Training Set\IDRiD_30.jpg,scored,MA+HE+EX+SE,Moderate,3,0.8384987,1,1,1,0.00504730379450345,0,0.00578647892757257,0,0,393,10036,0.00783242984693878,0.692027456611594,0.746412913511359,0.000669941937377328,0,0.000795386756810499,30,0.00264165198898356,0,0.00244546610583977,212,0.00104604202032033,0,0.00108706393912442,94,0.000689667847822236,0,0.00158777413912871,57,
IDRiD_31,train,C:\projects\DrishtiCare\data\idrid\A. Segmentation\1. Original Images\a. Training Set\IDRiD_31.jpg,scored,MA+HE+EX+SE,Moderate,3,0.5739565,1,1,1,0.0672723953042739,0,0.08337159122211,0.105778894472362,0.191320154510339,1763,10036,0.0351363201530612,0.682175234458998,0.756775607811877,0.00154559237388981,0,0.00208892867800657,38,0.0271266211002177,0,0.0324104696210904,890,0.00688056756373252,0,0.00937068455316631,197,0.0319778349070006,0,0.0442945145203872,644,
IDRiD_32,train,C:\projects\DrishtiCare\data\idrid\A. Segmentation\1. Original Images\a. Training Set\IDRiD_32.jpg,scored,MA+HE+EX+SE,Moderate,3,0.9904665,1,1,1,0.0239216654556291,0,0.035409960234804,0.046766978446523,0.0893550893550894,900,10036,0.017936862244898,0.6918983648192,0.746213630928657,0.000397343943485468,0,0.000696101829753381,27,0.0063177352101799,0,0.00483558994197292,354,0.0152914922303794,0,0.0314702670505311,354,0.00191509407158439,0,0,165,
IDRiD_33,train,C:\projects\DrishtiCare\data\idrid\A. Segmentation\1. Original Images\a. Training Set\IDRiD_33.jpg,scored,MA+HE+EX+SE,Proliferative,5,0.9182796,1,1,1,0.0376399480752051,0,0.0362853628536285,0.0306558935361217,0.0594881254323265,1759,10036,0.0350566007653061,0.858176193644126,0.99561578318055,0.00428889953050198,0,0.00493242576699221,151,0.0197921135394183,0,0.0164300383962854,1347,0.0133034527077647,0,0.017729793977813,239,0.00025548229752012,0,0,22,
IDRiD_34,train,C:\projects\DrishtiCare\data\idrid\A. Segmentation\1. Original Images\a. Training Set\IDRiD_34.jpg,scored,MA+HE+EX,Proliferative,5,0.9010367,1,1,1,0.0403978360029118,0,0.0426407494965415,0.0474331446418114,0.0905702571748043,1872,10036,0.0373086734693878,0.816562903745492,0.988939816660024,0.00133384394882259,0,0.00188697983911014,52,0.0355828217026153,0,0.038941499247721,1703,0.00348117035147392,0,0.00276543209876543,117,NaN,NaN,NaN,0,
IDRiD_35,train,C:\projects\DrishtiCare\data\idrid\A. Segmentation\1. Original Images\a. Training Set\IDRiD_35.jpg,scored,MA+HE+EX+SE,Proliferative,5,0.9984177,1,1,1,0.0360418997692929,0,0.0174204067622072,0.0042620363062352,0.00848789688777114,1820,10036,0.0362723214285714,0.756523477777819,0.815065763252292,0.00129005502627057,0,0.0017864231838031,58,0.0275162602815475,0,0.0103255162758138,1510,0.00283633186222289,0,0.00666600338274799,82,0.00439925259925195,0,0,170,
IDRiD_36,train,C:\projects\DrishtiCare\data\idrid\A. Segmentation\1. Original Images\a. Training Set\IDRiD_36.jpg,scored,MA+HE+EX,Moderate,3,0.7820798,1,1,1,0.00492393175870956,0,0.00533980582524272,0.00838150289017341,0.0166236744052737,319,10036,0.00635762117346939,0.720401314438143,0.792746113989637,0.0015893628246574,0,0.00238782210725301,39,0.00197244452031662,0,0.00126569954240093,248,0.00136212441373554,0,0.0017910447761194,32,NaN,NaN,NaN,0,
IDRiD_37,train,C:\projects\DrishtiCare\data\idrid\A. Segmentation\1. Original Images\a. Training Set\IDRiD_37.jpg,scored,MA+HE+EX,Moderate,3,0.9379455,1,1,1,0.00515205776940584,0,0.00280518475527181,0.00482160077145612,0.00959692898272553,331,10036,0.00659677933673469,0.682355464310362,0.729772817855719,0.000917895981187365,0,0.00129430505774592,21,0.00344428264167858,0,0.00136785539814362,213,0.000834510070091809,0,0.000197374913648475,99,NaN,NaN,NaN,0,
IDRiD_38,train,C:\projects\DrishtiCare\data\idrid\A. Segmentation\1. Original Images\a. Training Set\IDRiD_38.jpg,scored,MA+HE+EX+SE,Moderate,3,0.9992728,1,1,1,0.00671595157320888,0,0.0127231482394713,0.00953996184015264,0.0188996220075598,232,10036,0.00462372448979592,0.826383523934566,0.999501793543244,0.0011946330200334,0,0.00119213192926684,42,0.00136794981897071,0,0.00198471767391089,61,0.00219103510302506,0,0.0049800796812749,54,0.00196233363117971,0,0.00467011128775835,75,
IDRiD_39,train,C:\projects\DrishtiCare\data\idrid\A. Segmentation\1. Original Images\a. Training Set\IDRiD_39.jpg,scored,MA+HE+EX+SE,Moderate,3,0.8711818,1,1,1,0.0244715882065507,0,0.0180054191067214,0.0249117300902315,0.0486124401913876,1611,10036,0.0321069834183673,0.769751186994737,0.825926664009566,0.00376328252445629,0,0.00383896052761099,162,0.0166523804645402,0,0.012552684625252,1015,0.00209863823824175,0,0.00287527265516558,79,0.00195728697931246,0,9.62463907603465e-05,355,
IDRiD_40,train,C:\projects\DrishtiCare\data\idrid\A. Segmentation\1. Original Images\a. Training Set\IDRiD_40.jpg,scored,MA+HE+EX,Mild,2,0.9874857,1,0,0,0.00207986984849037,0,0.0022801625855061,0.0017258382642998,0.00344572975633768,74,10036,0.00147480867346939,0.900247352243787,1,0.00075493822763977,0,0.000994727941907888,27,0.000431421655813955,0,0.000497710531554848,15,0.000893509965036643,0,0.000795228628230616,32,NaN,NaN,NaN,0,
IDRiD_41,train,C:\projects\DrishtiCare\data\idrid\A. Segmentation\1. Original Images\a. Training Set\IDRiD_41.jpg,scored,MA+HE+EX,Mild,2,0.8946679,1,0,0,0.0018589449074112,0,0.00178359096313912,0.00258640959322831,0.00515947467166979,74,10036,0.00147480867346939,0.851529743913335,0.997907532881626,0.000639306186296952,0,0.00109463628221714,24,0.00022073477220668,0,0.000199024778584934,15,0.000998903948907567,0,0.000496721637194516,35,NaN,NaN,NaN,0,
IDRiD_42,train,C:\projects\DrishtiCare\data\idrid\A. Segmentation\1. Original Images\a. Training Set\IDRiD_42.jpg,scored,MA+HE+EX,Moderate,3,0.8694766,1,1,1,0.00432360479763246,0,0.00852751611303917,0.0101991257892181,0.0201923076923077,135,10036,0.00269052933673469,0.666504042458651,0.671582303706656,0.000111264428224381,0,9.95520159283225e-05,10,0.000715271745908808,0,0.00189318453567158,19,0.00349706862349927,0,0.00655021834061135,106,NaN,NaN,NaN,0,
IDRiD_43,train,C:\projects\DrishtiCare\data\idrid\A. Segmentation\1. Original Images\a. Training Set\IDRiD_43.jpg,scored,MA+EX,Mild,2,0.5330811,1,0,0,0.00491650991341103,0,0.005859375,0,0,264,10036,0.00526147959183673,0.820054559466598,0.9035472299721,2.28588718978759e-05,0,0,4,NaN,NaN,NaN,0,0.00489365104151316,0,0.00586166471277843,260,NaN,NaN,NaN,0,
IDRiD_44,train,C:\projects\DrishtiCare\data\idrid\A. Segmentation\1. Original Images\a. Training Set\IDRiD_44.jpg,scored,MA+HE+EX,Mild,2,0.9761074,1,0,0,0.00337629218364419,0,0.00434524985186648,0.000894187779433681,0.00178677784395473,134,10036,0.00267059948979592,0.846934556068225,0.976086090075727,9.6355576709485e-05,0,0,8,0.00110866613586882,0,0.00199203187250996,24,0.00217127047106589,0,0.00237294838837255,102,NaN,NaN,NaN,0,
IDRiD_45,train,C:\projects\DrishtiCare\data\idrid\A. Segmentation\1. Original Images\a. Training Set\IDRiD_45.jpg,scored,MA+HE+EX,Moderate,3,0.9977798,1,1,1,0.00742587337222938,0,0.0135666535587888,0.0158690176322418,0.0312422514257377,274,10036,0.00546077806122449,0.784818285183164,0.957353527301714,0.00028455826331919,0,0.000497859205416708,12,0.00222528588532039,0,0.00527941029983066,56,0.0049160292235898,0,0.00787246604999016,206,NaN,NaN,NaN,0,
IDRiD_46,train,C:\projects\DrishtiCare\data\idrid\A. Segmentation\1. Original Images\a. Training Set\IDRiD_46.jpg,scored,MA+HE+EX+SE,Moderate,3,0.9995905,1,1,1,0.0282940081072259,0,0.015638963360143,0.0050641458474004,0.0100772589855559,1329,10036,0.0264867665816327,0.784605137728328,0.999900358708649,0.00107382873685183,0,0.00109224506007348,46,0.0170050418255248,0,0.012916510670161,786,0.00181317785698894,0,0,84,0.00840195968786032,0,0.00249448335412069,413,
IDRiD_47,train,C:\projects\DrishtiCare\data\idrid\A. Segmentation\1. Original Images\a. Training Set\IDRiD_47.jpg,scored,MA+HE+EX+SE,Moderate,3,0.9890792,1,1,1,0.0127409461587878,0,0.0185894978919126,0.00203176948651644,0.00405529953917051,594,10036,0.0118383290816327,0.803864832164216,0.99302510960542,0.000284664981918204,0,0.000298566878980892,15,0.00827942410920559,0,0.0170493741992707,284,0.00225135585077441,0,0.0017688679245283,158,0.00192550121688961,0,0,137,
IDRiD_48,train,C:\projects\DrishtiCare\data\idrid\A. Segmentation\1. Original Images\a. Training Set\IDRiD_48.jpg,scored,MA+HE+EX+SE,Severe,4,0.7273171,1,1,1,0.0431906250925309,0,0.0485551227466256,0.0373991689073576,0.0721017907634307,1539,10036,0.0306720344387755,0.903542079364471,1,0.00364688209539255,0,0.00595651742281346,97,0.0140050272145261,0,0.0174882290765831,553,0.0203901505660482,0,0.0216019881475817,652,0.00514856521656405,0,0.00666340029397354,237,
IDRiD_49,train,C:\projects\DrishtiCare\data\idrid\A. Segmentation\1. Original Images\a. Training Set\IDRiD_49.jpg,scored,MA+HE+EX+SE,Moderate,3,0.9360881,1,1,1,0.0343803282848118,0,0.0160149927591788,0.00986031224322103,0.0195280716029292,1891,10036,0.0376873405612245,0.775027200934274,0.823335990434436,0.00104650518422015,0,0.000594353640416047,65,0.00998632706068171,0,9.29195316855603e-05,727,0.0196221308109348,0,0.0167903525046382,925,0.00380366598351318,0,0,177,
IDRiD_50,train,C:\projects\DrishtiCare\data\idrid\A. Segmentation\1. Original Images\a. Training Set\IDRiD_50.jpg,scored,MA+HE+EX+SE,Proliferative,5,0.9273669,1,1,1,0.0198919519096195,0,0.0130670151204032,0.00818363273453094,0.0162344090279153,818,10036,0.0163026147959184,0.84536173756302,1,0.000430747654849154,0,0.000497561946462335,18,0.00317802444849527,0,0,144,0.0139493893776442,0,0.0129757785467128,503,0.00233379042863085,0,0,153,
IDRiD_51,train,C:\projects\DrishtiCare\data\idrid\A. Segmentation\1. Original Images\a. Training Set\IDRiD_51.jpg,scored,MA+HE+EX+SE,Moderate,3,0.9998477,1,1,1,0.0203521658751415,0,0.0319938325142141,0.0107057024251693,0.0211846087332469,673,10036,0.0134127869897959,0.868005431201909,1,0.00212986130894427,0,0.00407757334659373,60,0.00445598872571482,0,0.00490580847723705,206,0.00266452523513183,0,0.00526943726386956,75,0.0111017906053506,0,0.018467583497053,332,
IDRiD_52,train,C:\projects\DrishtiCare\data\idrid\A. Segmentation\1. Original Images\a. Training Set\IDRiD_52.jpg,scored,MA+HE+EX+SE,Moderate,3,0.5054165,1,1,1,0.00300659252936166,0,0.00485966478230685,0.00639777468706537,0.0127142067440575,96,10036,0.00191326530612245,0.558922139061189,0.493622957353527,0.000804256127882209,0,0.00119343610144207,31,0.000188127809157071,0,0,16,5.06089361825336e-05,0,0,7,0.00196359965613985,0,0.00368489194303356,42,
IDRiD_53,train,C:\projects\DrishtiCare\data\idrid\A. Segmentation\1. Original Images\a. Training Set\IDRiD_53.jpg,scored,MA+HE+EX+SE,Moderate,3,0.9045951,1,1,1,0.0123374017758156,0,0.0105031987014227,0.00307489567318252,0.00613093934749288,547,10036,0.0109016262755102,0.76488360494266,0.925069748903946,0.00267110164887313,0,0.00296618548546569,108,0.00779679197313174,0,0.00697066511762997,365,0.000765685341457848,0,0.000794833581718828,37,0.00110382281235285,0,0,37,
IDRiD_54,train,C:\projects\DrishtiCare\data\idrid\A. Segmentation\1. Original Images\a. Training Set\IDRiD_54.jpg,scored,MA+HE+EX+SE,Moderate,3,0.9882925,1,1,1,0.00998939194901842,0,0.0117055238463771,0.0130363932645301,0.0257372654155496,422,10036,0.00841039540816326,0.754413813591987,0.944998007174173,0.00285274996921496,0,0.00386138613861386,103,0.00508816261079065,0,0.00522630904250074,158,0.00169935450411329,0,0.00288758339141691,36,0.000349124864899536,0,0,125,
IDRiD_55,test,C:\projects\DrishtiCare\data\idrid\A. Segmentation\1. Original Images\b. Testing Set\IDRiD_55.jpg,scored,MA+HE+EX+SE,Moderate,3,0.9924408,1,1,1,0.0866222799901015,1,0.138825877869522,0.147286821705426,0.256756756756757,2515,10036,0.0501235650510204,0.803703179737674,0.97807891590275,0.00117852047345066,0,0.00139137348439674,40,0.0139988702076175,0,0.0246816846229187,426,0.0713604101567077,1,0.116917953935806,2039,8.44791523256808e-05,0,0,10,
IDRiD_56,test,C:\projects\DrishtiCare\data\idrid\A. Segmentation\1. Original Images\b. Testing Set\IDRiD_56.jpg,scored,MA+HE+EX+SE,Moderate,3,0.7448028,1,1,1,0.0126456079387163,0,0.00944329526036514,0,0,1188,10036,0.0236766581632653,0.776384199924619,0.813371861299322,0.00043644324102775,0,0.000198393016565817,47,0.0109727271850306,0,0.00954853063873181,854,0.000608994765447682,0,0,49,0.000669283631099622,0,0,242,
IDRiD_57,test,C:\projects\DrishtiCare\data\idrid\A. Segmentation\1. Original Images\b. Testing Set\IDRiD_57.jpg,scored,MA+HE+EX,Moderate,3,0.9980825,1,1,1,0.00513115341483807,0,0.00303772660460559,0.00522875816993464,0.0104031209362809,200,10036,0.0039859693877551,0.864516205792676,0.932941410920685,0.000154355884104172,0,0.000199183348272084,7,0.000164012100505309,0,0,14,0.00481278543022859,0,0.00284704496367563,179,NaN,NaN,NaN,0,
IDRiD_58,test,C:\projects\DrishtiCare\data\idrid\A. Segmentation\1. Original Images\b. Testing Set\IDRiD_58.jpg,scored,MA+HE+EX,Proliferative,5,0.9065419,1,1,1,0.0196037546442514,0,0.0302825730542965,0.00706557739015235,0.0140320105240079,647,10036,0.0128946109693878,0.728570798719695,0.75089677162216,0.000797327269937524,0,0.000894810101411811,31,0.0103749572864503,0,0.0183675473922012,332,0.00843147008786357,0,0.0115663595373456,284,NaN,NaN,NaN,0,
IDRiD_59,test,C:\projects\DrishtiCare\data\idrid\A. Segmentation\1. Original Images\b. Testing Set\IDRiD_59.jpg,scored,MA+HE+EX+SE,Proliferative,5,0.5643768,1,1,1,0.0452313744759754,0,0.066114163329919,0.0422185430463576,0.0810166799046863,1413,10036,0.0281608737244898,0.773230622532513,0.836488640892786,0.000960298582484996,0,0.00119142176330421,48,0.00663942194208923,0,0.00908558030480656,293,0.0087692504686678,0,0.0131655939145699,353,0.0288624034827334,0,0.0456976178901313,719,
IDRiD_60,test,C:\projects\DrishtiCare\data\idrid\A. Segmentation\1. Original Images\b. Testing Set\IDRiD_60.jpg,scored,MA+HE+EX+SE,Moderate,3,0.9975908,1,1,1,0.0119262404542875,0,0.00963697604790419,0.00773615635179153,0.0153535353535354,755,10036,0.0150470344387755,0.841751571883596,0.976982861697888,0.000893301508162567,0,0.00139095876800795,43,0.00182247380141961,0,0.00098173964264677,160,0.00585761649002071,0,0.0077618392611515,221,0.00335284865468459,0,0,331,
IDRiD_61,test,C:\projects\DrishtiCare\data\idrid\A. Segmentation\1. Original Images\b. Testing Set\IDRiD_61.jpg,scored,MA+HE+EX+SE,Proliferative,5,0.9990352,1,1,1,0.0918104117351706,0,0.0498861519354171,0.017742673992674,0.0348667191542009,5180,10036,0.103236607142857,0.830448740550004,0.991530490235153,0.00205944142314301,0,0.00307417691392305,79,0.0826626158236135,0,0.0397410913140312,4903,0.00635432909243621,0,0.0120505925704611,126,0.000734025395977872,0,0,72,
IDRiD_62,test,C:\projects\DrishtiCare\data\idrid\A. Segmentation\1. Original Images\b. Testing Set\IDRiD_62.jpg,scored,MA+HE+EX,Proliferative,5,0.7791803,1,1,1,0.0140772235094994,0,0.0167210843969526,0.0268863833477884,0.0523648648648649,240,10036,0.00478316326530612,0.742004968275232,0.745516141889199,0.000119074692982019,0,0,11,0.000548965124502674,0,0,44,0.0134091836920147,0,0.0168125746120175,185,NaN,NaN,NaN,0,
IDRiD_63,test,C:\projects\DrishtiCare\data\idrid\A. Segmentation\1. Original Images\b. Testing Set\IDRiD_63.jpg,scored,MA+HE+EX,Moderate,3,0.7589037,1,1,1,0.00481453527373639,0,0.0019125944343502,0.00363636363636364,0.0072463768115942,441,10036,0.0087890625,0.820380367086364,0.965922678357912,0.000189613674777934,0,0.000398446060364578,7,0.000850872212949791,0,0,50,0.00377404938600866,0,0.00153787004998078,384,NaN,NaN,NaN,0,
IDRiD_64,test,C:\projects\DrishtiCare\data\idrid\A. Segmentation\1. Original Images\b. Testing Set\IDRiD_64.jpg,scored,MA+HE+EX+SE,Moderate,3,0.7805095,1,1,1,0.0111472498439607,0,0.00357815442561205,0.00423985463355542,0.00844390832328106,622,10036,0.0123963647959184,0.582434991669266,0.527700278995616,0.00112519430340879,0,0.000793650793650794,52,0.00177308663254565,0,0.000690744029998026,105,0.0034524585910114,0,0.00223019489964123,300,0.00479651031699487,0,0,165,
IDRiD_65,test,C:\projects\DrishtiCare\data\idrid\A. Segmentation\1. Original Images\b. Testing Set\IDRiD_65.jpg,scored,MA+HE+EX,Moderate,3,0.9998268,1,1,1,0.0124579954010704,0,0.0165464165464165,0.00564174894217207,0.0112201963534362,531,10036,0.0105827487244898,0.933485341142398,1,0.00131680492397805,0,0.00128840436075322,67,0.00213653966777058,0,0.0019629011679262,173,0.00900465080932173,0,0.0136435021594032,291,NaN,NaN,NaN,0,
IDRiD_66,test,C:\projects\DrishtiCare\data\idrid\A. Segmentation\1. Original Images\b. Testing Set\IDRiD_66.jpg,scored,MA+HE+EX,Moderate,3,0.9999164,1,1,1,0.123906769450326,0,0.169654825737265,0.105166535536323,0.19031798766018,3925,10036,0.0782246492346939,0.844044755163933,1,0.00122913419489742,0,0.00159061536932101,39,0.00264269738658104,0,0.000592358574390364,99,0.120034937868847,0,0.169458544839255,3787,NaN,NaN,NaN,0,
IDRiD_67,test,C:\projects\DrishtiCare\data\idrid\A. Segmentation\1. Original Images\b. Testing Set\IDRiD_67.jpg,scored,MA+HE+EX+SE,Proliferative,5,0.9997218,1,1,1,0.0403336042086983,0,0.0366413561716405,0.0210978008224566,0.0413237611626685,1705,10036,0.0339803890306122,0.874567138738762,1,0.00150080746363386,0,0.0016883503823617,50,0.0300576591776707,0,0.027419500315685,1355,0.00506842786601836,0,0.00933187729574109,131,0.00370670970137539,0,0,169,
IDRiD_68,test,C:\projects\DrishtiCare\data\idrid\A. Segmentation\1. Original Images\b. Testing Set\IDRiD_68.jpg,scored,MA+HE+EX+SE,Proliferative,5,0.6674041,1,1,1,0.0441281873945069,0,0.0565319804312375,0.0289031035299692,0.0561823624222887,1626,10036,0.032405931122449,0.758824527619282,0.824133120765245,0.000630337897991017,0,0.000496622963845848,37,0.026180965341995,0,0.0332049165290772,1228,0.00201259290216621,0,0.00118788358740843,78,0.0153042912523547,0,0.0243200317649394,283,
IDRiD_69,test,C:\projects\DrishtiCare\data\idrid\A. Segmentation\1. Original Images\b. Testing Set\IDRiD_69.jpg,scored,MA+HE+EX,Proliferative,5,0.9320349,1,1,1,0.0390575733219126,0,0.0388393259439488,0.0395726157499011,0.0761324704986677,1492,10036,0.0297353316326531,0.836544806318282,1,0.0011563742191478,0,0.00139137348439674,40,0.0308805529266855,0,0.0297700833562334,1206,0.00702064617607932,0,0.00902845927379784,246,NaN,NaN,NaN,0,
IDRiD_70,test,C:\projects\DrishtiCare\data\idrid\A. Segmentation\1. Original Images\b. Testing Set\IDRiD_70.jpg,scored,MA+HE+EX+SE,Moderate,3,0.6678038,1,1,1,0.0169936225590368,0,0.0122407026723977,0.00803506208911614,0.0159420289855072,797,10036,0.0158840880102041,0.713975031363584,0.881526504583499,0.000770757552699882,0,0.0012926319976136,34,0.00976124057805584,0,0.0069344120196475,419,0.00637380780121119,0,0.00449043342444358,254,8.78166270698937e-05,0,0,90,
IDRiD_71,test,C:\projects\DrishtiCare\data\idrid\A. Segmentation\1. Original Images\b. Testing Set\IDRiD_71.jpg,scored,MA+HE+EX+SE,Severe,4,0.8316502,1,1,1,0.0472058824954886,0,0.0530957359759978,0.032181168057211,0.0623556581986143,1547,10036,0.0308314732142857,0.826264321596006,0.99033479473894,0.00178449829917616,0,0.00178182538111265,84,0.00408991551222216,0,0.00529827315541601,210,0.0396920204556314,0,0.0478325859491779,1180,0.00163944822845882,0,0,73,
IDRiD_72,test,C:\projects\DrishtiCare\data\idrid\A. Segmentation\1. Original Images\b. Testing Set\IDRiD_72.jpg,scored,MA+HE+EX+SE,Severe,4,0.5265806,1,1,1,0.0318217074029626,0,0.0412588754557666,0.0902413431269675,0.165543792107796,816,10036,0.0162627551020408,0.730297098445054,0.80440414507772,0.00128519773241287,0,0.00198925800676348,38,0.00138630822140271,0,0.00149164677804296,35,0.028357827993992,0,0.0382826129094786,677,0.000792373455155021,0,0,66,
IDRiD_73,test,C:\projects\DrishtiCare\data\idrid\A. Segmentation\1. Original Images\b. Testing Set\IDRiD_73.jpg,scored,MA+HE+EX+SE,Moderate,3,0.9981948,1,1,1,0.0101117628727383,0,0.0178781925343811,0.0295450425956136,0.0573943661971831,326,10036,0.00649713010204082,0.819748039798078,1,0.00149047079563348,0,0.00268496420047733,47,0.00286974991092605,0,0.00485629335976214,103,0.00119895428313778,0,0.00159014112502485,42,0.00455258788304103,0,0.00892857142857143,134,
IDRiD_74,test,C:\projects\DrishtiCare\data\idrid\A. Segmentation\1. Original Images\b. Testing Set\IDRiD_74.jpg,scored,MA+HE+EX+SE,Moderate,3,0.6204464,1,1,1,0.00985461132043568,0,0.00319518842214078,0.000432619511139952,0.000864864864864865,639,10036,0.0127351721938776,0.72789383221034,0.794240733359904,0.000932548532477348,0,0.000792314548875904,69,0.00822500869613063,0,0.00249424405218726,414,0.000638879120515322,0,0,109,5.8174971312385e-05,0,0,47,
IDRiD_75,test,C:\projects\DrishtiCare\data\idrid\A. Segmentation\1. Original Images\b. Testing Set\IDRiD_75.jpg,scored,MA+HE+EX+SE,Moderate,3,0.5277142,1,1,1,0.0168748762192461,0,0.0138162808065721,0.0208750357449242,0.0408963585434174,824,10036,0.016422193877551,0.644097141325813,0.556895177361499,0.00180774238888642,0,0.00118506814141813,102,0.0105761403498618,0,0.0068259385665529,584,0.000684624476948746,0,9.89119683481701e-05,75,0.0038063690035491,0,0.00627740135512156,63,
IDRiD_76,test,C:\projects\DrishtiCare\data\idrid\A. Segmentation\1. Original Images\b. Testing Set\IDRiD_76.jpg,scored,MA+HE+EX,Moderate,3,0.736807,1,1,1,0.0275985413525141,1,0.0393046837276678,0.024263431542461,0.0473773265651438,726,10036,0.014469068877551,0.715678210464339,0.777799920286967,0.00387308536883208,1,0.00485388806339772,108,0.0118122549160387,0,0.0140955364134691,324,0.0119132010676433,0,0.0211546065638592,294,NaN,NaN,NaN,0,
IDRiD_77,test,C:\projects\DrishtiCare\data\idrid\A. Segmentation\1. Original Images\b. Testing Set\IDRiD_77.jpg,scored,MA+HE+EX,Moderate,3,0.8729251,1,1,1,0.00992102344837953,0,0.00634349555008521,0.00435413642960813,0.00867052023121387,593,10036,0.0118183992346939,0.72970024654975,0.85442407333599,0.00140093489609817,0,0.00188735472335353,50,0.00329214262287879,0,0.00334612734967031,159,0.00522794592940258,0,0.00134537766673073,384,NaN,NaN,NaN,0,
IDRiD_78,test,C:\projects\DrishtiCare\data\idrid\A. Segmentation\1. Original Images\b. Testing Set\IDRiD_78.jpg,scored,MA+HE+EX,Moderate,3,0.9968686,1,1,1,0.0369491134014747,0,0.0418280402788536,0.0789740128248397,0.146387238035658,724,10036,0.0144292091836735,0.732427162701213,0.763351933041052,0.00134706855017753,0,0.00168751240817947,55,0.00913369956172366,0,0.00654488619712806,268,0.0265154971963023,0,0.034486175800218,403,NaN,NaN,NaN,0,
IDRiD_79,test,C:\projects\DrishtiCare\data\idrid\A. Segmentation\1. Original Images\b. Testing Set\IDRiD_79.jpg,scored,MA+HE+EX,Moderate,3,0.9371577,1,1,1,0.0413978054218203,0,0.0395711670879456,0.0300900505161432,0.0584221748400853,1891,10036,0.0376873405612245,0.857282687504465,1,0.0017630815054091,0,0.00138613861386139,78,0.00538232958916095,0,0.00315065877410731,471,0.0342523943272503,0,0.0370978032996081,1342,NaN,NaN,NaN,0,
IDRiD_80,test,C:\projects\DrishtiCare\data\idrid\A. Segmentation\1. Original Images\b. Testing Set\IDRiD_80.jpg,scored,MA+HE+EX,Mild,2,0.9999375,1,0,0,0.00110717893707417,0,0.000789577575996842,0.000377358490566038,0.000754432289701999,104,10036,0.00207270408163265,0.887795120734809,0.999900358708649,0.000146632701289166,0,0.000199282582702272,2,0.00017545548408879,0,0,72,0.000785090751696217,0,0.000596421471172962,30,NaN,NaN,NaN,0,
IDRiD_81,test,C:\projects\DrishtiCare\data\idrid\A. Segmentation\1. Original Images\b. Testing Set\IDRiD_81.jpg,scored,MA+HE+EX,Moderate,3,0.9916371,1,1,1,0.0298376431997186,0,0.00880634754555759,0.00144747725392887,0.00289077018377039,1534,10036,0.0305723852040816,0.769758980066111,0.905141490633719,0.0010345852798337,0,0.000793572066263268,53,0.00398232279772455,0,0.00441869599371563,193,0.0248207351221604,0,0.00425682866264633,1288,NaN,NaN,NaN,0,
